model,accuracy,precision,recall,f1,roc_auc,pr_auc,brier_score
random_forest,0.6545454545454545,0.48,0.6666666666666666,0.5581395348837209,0.7252252252252251,0.5282427396423005,0.20938000015608244
xgboost,0.6181818181818182,0.42857142857142855,0.5,0.46153846153846156,0.6906906906906907,0.45543385169844264,0.2396669511774502
logistic_regression,0.5818181818181818,0.41379310344827586,0.6666666666666666,0.5106382978723404,0.6501501501501501,0.4301407041601437,0.2622630228032387
